date,air_temperature_mean_celsius,unit
1881-01-01,-2.693693693693694,°C
1881-02-01,3.192792792792793,°C
1881-03-01,5.554054054054054,°C
1881-04-01,8.082882882882883,°C
1881-05-01,13.606306306306307,°C
1881-06-01,16.43243243243243,°C
1881-07-01,20.214414414414417,°C
1881-08-01,16.64954954954955,°C
1881-09-01,13.801801801801801,°C
1881-10-01,6.915315315315316,°C
1881-11-01,8.546846846846847,°C
1881-12-01,2.9513513513513514,°C
1882-01-01,2.2486486486486488,°C
1882-02-01,3.8954954954954957,°C
1882-03-01,8.022522522522523,°C
1882-04-01,9.792792792792794,°C
1882-05-01,13.438738738738738,°C
1882-06-01,15.467567567567569,°C
1882-07-01,17.603603603603602,°C
1882-08-01,16.133333333333336,°C
1882-09-01,14.195495495495496,°C
1882-10-01,11.060360360360361,°C
1882-11-01,6.043243243243244,°C
1882-12-01,3.5441441441441444,°C
1883-01-01,2.488288288288288,°C
1883-02-01,5.034234234234234,°C
1883-03-01,0.7972972972972974,°C
1883-04-01,8.763063063063063,°C
1883-05-01,13.659459459459459,°C
1883-06-01,17.484684684684687,°C
1883-07-01,17.295495495495498,°C
1883-08-01,17.251351351351353,°C
1883-09-01,14.442342342342343,°C
1883-10-01,10.415315315315317,°C
1883-11-01,6.344144144144145,°C
1883-12-01,3.1072072072072072,°C
1884-01-01,5.248648648648649,°C
1884-02-01,4.960360360360361,°C
1884-03-01,7.211711711711712,°C
1884-04-01,8.352252252252253,°C
1884-05-01,14.288288288288289,°C
1884-06-01,14.594594594594595,°C
1884-07-01,19.804504504504507,°C
1884-08-01,19.039639639639642,°C
1884-09-01,16.15765765765766,°C
1884-10-01,9.723423423423425,°C
1884-11-01,4.552252252252252,°C
1884-12-01,3.8783783783783785,°C
1885-01-01,0.38648648648648654,°C
1885-02-01,6.255855855855856,°C
1885-03-01,4.354054054054054,°C
1885-04-01,11.125225225225226,°C
1885-05-01,11.12972972972973,°C
1885-06-01,17.784684684684688,°C
1885-07-01,18.45945945945946,°C
1885-08-01,15.739639639639641,°C
1885-09-01,13.887387387387387,°C
1885-10-01,8.354054054054055,°C
1885-11-01,4.9396396396396405,°C
1885-12-01,1.783783783783784,°C
1886-01-01,1.4072072072072073,°C
1886-02-01,-0.38648648648648654,°C
1886-03-01,3.711711711711712,°C
1886-04-01,10.163063063063063,°C
1886-05-01,14.4,°C
1886-06-01,15.374774774774776,°C
1886-07-01,18.395495495495496,°C
1886-08-01,18.032432432432433,°C
1886-09-01,16.60810810810811,°C
1886-10-01,11.666666666666668,°C
1886-11-01,7.045945945945945,°C
1886-12-01,2.5,°C
1887-01-01,-0.2927927927927928,°C
1887-02-01,2.054054054054054,°C
1887-03-01,3.011711711711712,°C
1887-04-01,8.585585585585585,°C
1887-05-01,11.4,°C
1887-06-01,17.218018018018018,°C
1887-07-01,19.854054054054057,°C
1887-08-01,16.988288288288288,°C
1887-09-01,13.095495495495497,°C
1887-10-01,6.956756756756757,°C
1887-11-01,4.8684684684684685,°C
1887-12-01,1.456756756756757,°C
1888-01-01,0.3720720720720721,°C
1888-02-01,-0.418018018018018,°C
1888-03-01,3.122522522522523,°C
1888-04-01,7.403603603603604,°C
1888-05-01,13.13153153153153,°C
1888-06-01,17.026126126126126,°C
1888-07-01,15.614414414414416,°C
1888-08-01,15.890990990990993,°C
1888-09-01,14.007207207207209,°C
1888-10-01,7.828828828828829,°C
1888-11-01,5.827027027027028,°C
1888-12-01,2.8288288288288292,°C
1889-01-01,0.42702702702702705,°C
1889-02-01,-0.30180180180180183,°C
1889-03-01,2.898198198198198,°C
1889-04-01,8.492792792792793,°C
1889-05-01,16.65045045045045,°C
1889-06-01,19.592792792792793,°C
1889-07-01,17.113513513513514,°C
1889-08-01,16.23963963963964,°C
1889-09-01,12.595495495495497,°C
1889-10-01,9.256756756756756,°C
1889-11-01,4.287387387387388,°C
1889-12-01,-0.15225225225225225,°C
1890-01-01,4.292792792792793,°C
1890-02-01,0.16306306306306306,°C
1890-03-01,5.916216216216217,°C
1890-04-01,7.892792792792793,°C
1890-05-01,14.585585585585585,°C
1890-06-01,15.093693693693695,°C
1890-07-01,16.204504504504506,°C
1890-08-01,16.93963963963964,°C
1890-09-01,14.70990990990991,°C
1890-10-01,8.756756756756756,°C
1890-11-01,4.83963963963964,°C
1890-12-01,-3.9648648648648646,°C
1891-01-01,-2.2225225225225227,°C
1891-02-01,2.0657657657657658,°C
1891-03-01,4.422522522522523,°C
1891-04-01,6.984684684684685,°C
1891-05-01,13.388288288288289,°C
1891-06-01,16.092792792792793,°C
1891-07-01,16.716216216216218,°C
1891-08-01,15.938738738738738,°C
1891-09-01,15.30810810810811,°C
1891-10-01,11.456756756756757,°C
1891-11-01,4.483783783783784,°C
1891-12-01,3.8891891891891897,°C
1892-01-01,0.9585585585585585,°C
1892-02-01,2.763063063063063,°C
1892-03-01,2.5234234234234236,°C
1892-04-01,8.700900900900901,°C
1892-05-01,14.178378378378378,°C
1892-06-01,15.984684684684687,°C
1892-07-01,17.112612612612615,°C
1892-08-01,18.749549549549553,°C
1892-09-01,14.706306306306306,°C
1892-10-01,8.5981981981982,°C
1892-11-01,6.505405405405405,°C
1892-12-01,-0.016216216216216217,°C
1893-01-01,-3.4324324324324325,°C
1893-02-01,4.366666666666666,°C
1893-03-01,6.955855855855856,°C
1893-04-01,11.784684684684684,°C
1893-05-01,14.488288288288288,°C
1893-06-01,17.374774774774774,°C
1893-07-01,18.404504504504505,°C
1893-08-01,18.357657657657658,°C
1893-09-01,13.595495495495497,°C
1893-10-01,10.892792792792793,°C
1893-11-01,3.73963963963964,°C
1893-12-01,2.476576576576577,°C
1894-01-01,1.0360360360360361,°C
1894-02-01,3.7531531531531535,°C
1894-03-01,6.711711711711712,°C
1894-04-01,12.103603603603604,°C
1894-05-01,12.416216216216217,°C
1894-06-01,15.392792792792793,°C
1894-07-01,18.704504504504506,°C
1894-08-01,16.330630630630633,°C
1894-09-01,12.407207207207207,°C
1894-10-01,9.556756756756757,°C
1894-11-01,6.654054054054055,°C
1894-12-01,3.090990990990991,°C
1895-01-01,-1.6306306306306309,°C
1895-02-01,-4.6504504504504505,°C
1895-03-01,3.711711711711712,°C
1895-04-01,10.250450450450451,°C
1895-05-01,13.68828828828829,°C
1895-06-01,17.075675675675676,°C
1895-07-01,17.745045045045046,°C
1895-08-01,17.63963963963964,°C
1895-09-01,17.095495495495495,°C
1895-10-01,8.36126126126126,°C
1895-11-01,6.983783783783784,°C
1895-12-01,2.055855855855856,°C
1896-01-01,1.744144144144144,°C
1896-02-01,2.112612612612613,°C
1896-03-01,7.422522522522524,°C
1896-04-01,7.704504504504505,°C
1896-05-01,12.0990990990991,°C
1896-06-01,18.175675675675674,°C
1896-07-01,18.004504504504506,°C
1896-08-01,15.35855855855856,°C
1896-09-01,14.034234234234233,°C
1896-10-01,9.314414414414415,°C
1896-11-01,2.8333333333333335,°C
1896-12-01,1.7891891891891891,°C
1897-01-01,-0.31621621621621626,°C
1897-02-01,3.988288288288288,°C
1897-03-01,6.723423423423424,°C
1897-04-01,8.603603603603604,°C
1897-05-01,12.287387387387389,°C
1897-06-01,18.38828828828829,°C
1897-07-01,17.795495495495498,°C
1897-08-01,18.33963963963964,°C
1897-09-01,13.495495495495497,°C
1897-10-01,9.163963963963964,°C
1897-11-01,4.887387387387388,°C
1897-12-01,3.018918918918919,°C
1898-01-01,4.2918918918918925,°C
1898-02-01,2.963063063063063,°C
1898-03-01,3.9783783783783786,°C
1898-04-01,9.292792792792794,°C
1898-05-01,12.028828828828829,°C
1898-06-01,15.875675675675675,°C
1898-07-01,15.516216216216216,°C
1898-08-01,19.38828828828829,°C
1898-09-01,15.301801801801801,°C
1898-10-01,11.063063063063064,°C
1898-11-01,6.28918918918919,°C
1898-12-01,5.090990990990991,°C
1899-01-01,4.356756756756757,°C
1899-02-01,4.454954954954955,°C
1899-03-01,4.40900900900901,°C
1899-04-01,8.492792792792793,°C
1899-05-01,11.98018018018018,°C
1899-06-01,16.285585585585586,°C
1899-07-01,18.449549549549552,°C
1899-08-01,18.85045045045045,°C
1899-09-01,13.80810810810811,°C
1899-10-01,9.163963963963964,°C
1899-11-01,8.454054054054055,°C
1899-12-01,-0.35765765765765767,°C
1900-01-01,3.2882882882882885,°C
1900-02-01,3.2603603603603606,°C
1900-03-01,3.0243243243243243,°C
1900-04-01,8.303603603603603,°C
1900-05-01,12.200000000000001,°C
1900-06-01,16.967567567567567,°C
1900-07-01,19.604504504504504,°C
1900-08-01,16.699099099099097,°C
1900-09-01,14.554954954954955,°C
1900-10-01,9.856756756756758,°C
1900-11-01,6.346846846846847,°C
1900-12-01,5.0099099099099105,°C
1901-01-01,0.2774774774774775,°C
1901-02-01,-1.7504504504504503,°C
1901-03-01,4.043243243243244,°C
1901-04-01,9.754954954954956,°C
1901-05-01,13.81981981981982,°C
1901-06-01,16.51711711711712,°C
1901-07-01,19.764864864864865,°C
1901-08-01,17.43963963963964,°C
1901-09-01,14.595495495495497,°C
1901-10-01,10.12072072072072,°C
1901-11-01,4.73963963963964,°C
1901-12-01,2.9441441441441443,°C
1902-01-01,4.403603603603604,°C
1902-02-01,0.8486486486486486,°C
1902-03-01,5.8180180180180185,°C
1902-04-01,9.81801801801802,°C
1902-05-01,9.510810810810812,°C
1902-06-01,16.25945945945946,°C
1902-07-01,16.745945945945945,°C
1902-08-01,15.680180180180182,°C
1902-09-01,13.495495495495497,°C
1902-10-01,8.561261261261262,°C
1902-11-01,4.120720720720721,°C
1902-12-01,0.9927927927927929,°C
1903-01-01,2.8954954954954957,°C
1903-02-01,5.660360360360361,°C
1903-03-01,7.526126126126127,°C
1903-04-01,5.5927927927927925,°C
1903-05-01,13.58828828828829,°C
1903-06-01,15.697297297297297,°C
1903-07-01,16.800900900900903,°C
1903-08-01,16.181981981981984,°C
1903-09-01,14.895495495495496,°C
1903-10-01,11.26846846846847,°C
1903-11-01,6.043243243243244,°C
1903-12-01,1.063063063063063,°C
1904-01-01,0.3927927927927928,°C
1904-02-01,3.0090090090090094,°C
1904-03-01,4.252252252252252,°C
1904-04-01,10.292792792792794,°C
1904-05-01,13.580180180180182,°C
1904-06-01,16.1,°C
1904-07-01,20.145945945945947,°C
1904-08-01,17.502702702702702,°C
1904-09-01,12.895495495495496,°C
1904-10-01,9.756756756756758,°C
1904-11-01,4.9396396396396405,°C
1904-12-01,4.2792792792792795,°C
1905-01-01,0.6801801801801802,°C
1905-02-01,3.4486486486486485,°C
1905-03-01,6.511711711711712,°C
1905-04-01,7.696396396396397,°C
1905-05-01,12.918018018018017,°C
1905-06-01,18.23783783783784,°C
1905-07-01,19.468468468468473,°C
1905-08-01,17.397297297297296,°C
1905-09-01,13.456756756756759,°C
1905-10-01,6.0162162162162165,°C
1905-11-01,4.836936936936937,°C
1905-12-01,2.4612612612612614,°C
1906-01-01,3.255855855855856,°C
1906-02-01,2.2486486486486488,°C
1906-03-01,3.911711711711712,°C
1906-04-01,8.992792792792793,°C
1906-05-01,13.65045045045045,°C
1906-06-01,15.43783783783784,°C
1906-07-01,18.16756756756757,°C
1906-08-01,17.63963963963964,°C
1906-09-01,13.513513513513514,°C
1906-10-01,11.96936936936937,°C
1906-11-01,7.481981981981981,°C
1906-12-01,-0.055855855855855854,°C
1907-01-01,1.6621621621621623,°C
1907-02-01,0.6486486486486487,°C
1907-03-01,5.0297297297297305,°C
1907-04-01,8.092792792792793,°C
1907-05-01,13.85045045045045,°C
1907-06-01,15.180180180180182,°C
1907-07-01,14.746846846846848,°C
1907-08-01,16.681081081081082,°C
1907-09-01,14.595495495495497,°C
1907-10-01,12.256756756756758,°C
1907-11-01,6.158558558558559,°C
1907-12-01,3.7567567567567566,°C
1908-01-01,-0.6216216216216216,°C
1908-02-01,3.1954954954954955,°C
1908-03-01,3.811711711711712,°C
1908-04-01,6.553153153153153,°C
1908-05-01,14.18828828828829,°C
1908-06-01,17.936936936936938,°C
1908-07-01,17.965765765765767,°C
1908-08-01,15.33963963963964,°C
1908-09-01,13.728828828828831,°C
1908-10-01,10.425225225225226,°C
1908-11-01,4.483783783783784,°C
1908-12-01,1.7990990990990992,°C
1909-01-01,0.9936936936936936,°C
1909-02-01,0.3675675675675676,°C
1909-03-01,3.911711711711712,°C
1909-04-01,9.68918918918919,°C
1909-05-01,12.750450450450451,°C
1909-06-01,14.237837837837839,°C
1909-07-01,15.447747747747748,°C
1909-08-01,17.380180180180183,°C
1909-09-01,13.657657657657658,°C
1909-10-01,11.468468468468469,°C
1909-11-01,3.800900900900901,°C
1909-12-01,3.743243243243244,°C
1910-01-01,3.4441441441441443,°C
1910-02-01,4.403603603603604,°C
1910-03-01,5.711711711711712,°C
1910-04-01,8.752252252252253,°C
1910-05-01,13.53783783783784,°C
1910-06-01,17.02972972972973,°C
1910-07-01,16.245045045045046,°C
1910-08-01,16.905405405405407,°C
1910-09-01,13.396396396396398,°C
1910-10-01,11.356756756756758,°C
1910-11-01,3.8990990990990997,°C
1910-12-01,5.30990990990991,°C
1911-01-01,0.7477477477477478,°C
1911-02-01,3.4486486486486485,°C
1911-03-01,6.06936936936937,°C
1911-04-01,8.454954954954955,°C
1911-05-01,14.56846846846847,°C
1911-06-01,15.742342342342344,°C
1911-07-01,20.44684684684685,°C
1911-08-01,21.1990990990991,°C
1911-09-01,15.913513513513514,°C
1911-10-01,10.114414414414416,°C
1911-11-01,6.501801801801801,°C
1911-12-01,5.588288288288289,°C
1912-01-01,2.391891891891892,°C
1912-02-01,5.296396396396396,°C
1912-03-01,7.8117117117117125,°C
1912-04-01,8.849549549549549,°C
1912-05-01,13.488288288288288,°C
1912-06-01,16.43963963963964,°C
1912-07-01,19.304504504504507,°C
1912-08-01,14.801801801801801,°C
1912-09-01,10.554954954954956,°C
1912-10-01,8.295495495495496,°C
1912-11-01,4.781081081081082,°C
1912-12-01,5.216216216216217,°C
1913-01-01,2.7522522522522523,°C
1913-02-01,3.8522522522522524,°C
1913-03-01,7.911711711711712,°C
1913-04-01,9.574774774774776,°C
1913-05-01,13.788288288288289,°C
1913-06-01,15.43783783783784,°C
1913-07-01,15.104504504504504,°C
1913-08-01,15.9,°C
1913-09-01,14.253153153153153,°C
1913-10-01,11.4990990990991,°C
1913-11-01,8.83963963963964,°C
1913-12-01,3.344144144144144,°C
1914-01-01,-1.0621621621621622,°C
1914-02-01,5.756756756756757,°C
1914-03-01,6.411711711711712,°C
1914-04-01,11.592792792792793,°C
1914-05-01,11.947747747747748,°C
1914-06-01,14.975675675675674,°C
1914-07-01,18.204504504504506,°C
1914-08-01,18.195495495495496,°C
1914-09-01,13.595495495495497,°C
1914-10-01,10.12072072072072,°C
1914-11-01,5.357657657657658,°C
1914-12-01,5.661261261261262,°C
1915-01-01,2.706306306306306,°C
1915-02-01,3.466666666666667,°C
1915-03-01,4.10900900900901,°C
1915-04-01,8.35045045045045,°C
1915-05-01,14.412612612612614,°C
1915-06-01,18.304504504504504,°C
1915-07-01,16.93603603603604,°C
1915-08-01,16.483783783783785,°C
1915-09-01,13.554954954954955,°C
1915-10-01,8.237837837837837,°C
1915-11-01,2.9828828828828833,°C
1915-12-01,5.963063063063064,°C
1916-01-01,5.944144144144144,°C
1916-02-01,3.24954954954955,°C
1916-03-01,5.773873873873875,°C
1916-04-01,9.286486486486487,°C
1916-05-01,14.630630630630632,°C
1916-06-01,12.975675675675674,°C
1916-07-01,16.304504504504504,°C
1916-08-01,17.187387387387385,°C
1916-09-01,13.762162162162163,°C
1916-10-01,10.460360360360362,°C
1916-11-01,6.154054054054054,°C
1916-12-01,3.062162162162162,°C
1917-01-01,-0.964864864864865,°C
1917-02-01,-1.5810810810810811,°C
1917-03-01,2.311711711711712,°C
1917-04-01,5.320720720720721,°C
1917-05-01,16.88828828828829,°C
1917-06-01,19.335135135135136,°C
1917-07-01,18.271171171171172,°C
1917-08-01,17.401801801801803,°C
1917-09-01,15.942342342342343,°C
1917-10-01,8.156756756756756,°C
1917-11-01,6.9396396396396405,°C
1917-12-01,-0.11891891891891893,°C
1918-01-01,3.2882882882882885,°C
1918-02-01,4.2909909909909905,°C
1918-03-01,5.911711711711712,°C
1918-04-01,9.452252252252253,°C
1918-05-01,15.835135135135136,°C
1918-06-01,14.127027027027026,°C
1918-07-01,17.021621621621623,°C
1918-08-01,17.039639639639642,°C
1918-09-01,13.93783783783784,°C
1918-10-01,9.356756756756758,°C
1918-11-01,4.7909909909909905,°C
1918-12-01,6.163063063063063,°C
1919-01-01,2.545045045045045,°C
1919-02-01,1.8486486486486489,°C
1919-03-01,4.774774774774775,°C
1919-04-01,6.954954954954956,°C
1919-05-01,14.614414414414416,°C
1919-06-01,16.105405405405406,°C
1919-07-01,15.024324324324326,°C
1919-08-01,17.587387387387388,°C
1919-09-01,15.941441441441441,°C
1919-10-01,7.114414414414416,°C
1919-11-01,2.53963963963964,°C
1919-12-01,3.4909909909909906,°C
1920-01-01,4.444144144144144,°C
1920-02-01,5.785585585585586,°C
1920-03-01,8.311711711711713,°C
1920-04-01,10.092792792792793,°C
1920-05-01,14.828828828828831,°C
1920-06-01,16.63963963963964,°C
1920-07-01,17.666666666666668,°C
1920-08-01,15.406306306306305,°C
1920-09-01,13.4,°C
1920-10-01,9.473873873873874,°C
1920-11-01,3.743243243243244,°C
1920-12-01,2.744144144144144,°C
1921-01-01,6.244144144144144,°C
1921-02-01,3.4486486486486485,°C
1921-03-01,7.327027027027028,°C
1921-04-01,9.492792792792793,°C
1921-05-01,14.816216216216217,°C
1921-06-01,15.821621621621624,°C
1921-07-01,20.400900900900904,°C
1921-08-01,18.109909909909913,°C
1921-09-01,15.406306306306305,°C
1921-10-01,13.802702702702703,°C
1921-11-01,1.83963963963964,°C
1921-12-01,2.958558558558559,°C
1922-01-01,0.46306306306306305,°C
1922-02-01,2.0657657657657658,°C
1922-03-01,5.075675675675676,°C
1922-04-01,6.653153153153153,°C
1922-05-01,15.105405405405406,°C
1922-06-01,16.721621621621622,°C
1922-07-01,16.26846846846847,°C
1922-08-01,16.23963963963964,°C
1922-09-01,12.559459459459461,°C
1922-10-01,6.6189189189189195,°C
1922-11-01,4.43963963963964,°C
1922-12-01,4.2909909909909905,°C
1923-01-01,3.8054054054054056,°C
1923-02-01,4.366666666666666,°C
1923-03-01,7.395495495495496,°C
1923-04-01,8.835135135135136,°C
1923-05-01,11.834234234234236,°C
1923-06-01,12.072072072072073,°C
1923-07-01,20.104504504504504,°C
1923-08-01,17.12972972972973,°C
1923-09-01,14.291891891891892,°C
1923-10-01,11.556756756756757,°C
1923-11-01,3.8990990990990997,°C
1923-12-01,0.7612612612612613,°C
1924-01-01,0.40090090090090097,°C
1924-02-01,0.24864864864864866,°C
1924-03-01,4.361261261261261,°C
1924-04-01,7.683783783783785,°C
1924-05-01,15.08828828828829,°C
1924-06-01,16.272972972972976,°C
1924-07-01,17.55045045045045,°C
1924-08-01,14.897297297297298,°C
1924-09-01,14.395495495495496,°C
1924-10-01,11.068468468468469,°C
1924-11-01,5.038738738738739,°C
1924-12-01,3.8900900900900903,°C
1925-01-01,4.39009009009009,°C
1925-02-01,5.548648648648649,°C
1925-03-01,3.2711711711711717,°C
1925-04-01,9.333333333333334,°C
1925-05-01,15.053153153153154,°C
1925-06-01,16.216216216216218,°C
1925-07-01,19.104504504504504,°C
1925-08-01,17.33963963963964,°C
1925-09-01,11.795495495495496,°C
1925-10-01,10.074774774774776,°C
1925-11-01,3.137837837837838,°C
1925-12-01,2.2765765765765766,°C
1926-01-01,2.758558558558559,°C
1926-02-01,7.647747747747748,°C
1926-03-01,6.173873873873874,°C
1926-04-01,11.192792792792794,°C
1926-05-01,11.488288288288288,°C
1926-06-01,14.572972972972975,°C
1926-07-01,18.463963963963963,°C
1926-08-01,17.23963963963964,°C
1926-09-01,16.295495495495498,°C
1926-10-01,8.9990990990991,°C
1926-11-01,7.653153153153153,°C
1926-12-01,2.045045045045045,°C
1927-01-01,3.70990990990991,°C
1927-02-01,3.5486486486486486,°C
1927-03-01,7.415315315315316,°C
1927-04-01,8.690090090090091,°C
1927-05-01,12.754054054054055,°C
1927-06-01,15.021621621621623,°C
1927-07-01,18.0018018018018,°C
1927-08-01,17.601801801801802,°C
1927-09-01,14.757657657657658,°C
1927-10-01,10.643243243243244,°C
1927-11-01,4.9396396396396405,°C
1927-12-01,-0.15135135135135136,°C
1928-01-01,4.083783783783784,°C
1928-02-01,5.148648648648649,°C
1928-03-01,5.511711711711712,°C
1928-04-01,9.292792792792794,°C
1928-05-01,11.616216216216216,°C
1928-06-01,15.216216216216218,°C
1928-07-01,19.452252252252254,°C
1928-08-01,17.23963963963964,°C
1928-09-01,13.761261261261263,°C
1928-10-01,10.256756756756758,°C
1928-11-01,7.6990990990991,°C
1928-12-01,2.0441441441441444,°C
1929-01-01,-1.6306306306306309,°C
1929-02-01,-4.866666666666667,°C
1929-03-01,5.32972972972973,°C
1929-04-01,6.356756756756757,°C
1929-05-01,14.65045045045045,°C
1929-06-01,15.470270270270271,°C
1929-07-01,18.75045045045045,°C
1929-08-01,17.900000000000002,°C
1929-09-01,17.606306306306305,°C
1929-10-01,10.560360360360361,°C
1929-11-01,6.4135135135135135,°C
1929-12-01,5.8621621621621625,°C
1930-01-01,5.242342342342343,°C
1930-02-01,2.4090090090090093,°C
1930-03-01,6.227027027027027,°C
1930-04-01,10.052252252252252,°C
1930-05-01,12.954054054054055,°C
1930-06-01,19.636936936936937,°C
1930-07-01,16.96846846846847,°C
1930-08-01,17.395495495495496,°C
1930-09-01,14.395495495495496,°C
1930-10-01,10.492792792792793,°C
1930-11-01,7.83963963963964,°C
1930-12-01,2.6792792792792794,°C
1931-01-01,2.6441441441441444,°C
1931-02-01,0.8900900900900901,°C
1931-03-01,3.2153153153153156,°C
1931-04-01,7.792792792792793,°C
1931-05-01,15.734234234234235,°C
1931-06-01,17.52072072072072,°C
1931-07-01,17.85045045045045,°C
1931-08-01,16.28018018018018,°C
1931-09-01,11.456756756756757,°C
1931-10-01,8.872972972972972,°C
1931-11-01,7.198198198198199,°C
1931-12-01,1.8522522522522522,°C
1932-01-01,4.1441441441441444,°C
1932-02-01,0.5531531531531532,°C
1932-03-01,3.311711711711712,°C
1932-04-01,8.092792792792793,°C
1932-05-01,13.388288288288289,°C
1932-06-01,16.13783783783784,°C
1932-07-01,18.404504504504505,°C
1932-08-01,20.43963963963964,°C
1932-09-01,15.794594594594594,°C
1932-10-01,9.81981981981982,°C
1932-11-01,5.73963963963964,°C
1932-12-01,3.1720720720720723,°C
1933-01-01,0.44504504504504505,°C
1933-02-01,2.552252252252252,°C
1933-03-01,7.711711711711712,°C
1933-04-01,9.096396396396397,°C
1933-05-01,12.788288288288289,°C
1933-06-01,15.680180180180182,°C
1933-07-01,19.303603603603605,°C
1933-08-01,18.544144144144145,°C
1933-09-01,15.499099099099098,°C
1933-10-01,10.242342342342344,°C
1933-11-01,4.182882882882883,°C
1933-12-01,-2.18018018018018,°C
1934-01-01,2.4441441441441443,°C
1934-02-01,2.8360360360360364,°C
1934-03-01,5.200900900900901,°C
1934-04-01,12.054954954954956,°C
1934-05-01,14.121621621621623,°C
1934-06-01,17.21891891891892,°C
1934-07-01,19.166666666666668,°C
1934-08-01,17.401801801801803,°C
1934-09-01,17.45765765765766,°C
1934-10-01,11.362162162162164,°C
1934-11-01,5.23963963963964,°C
1934-12-01,7.483783783783784,°C
1935-01-01,2.0306306306306308,°C
1935-02-01,4.152252252252253,°C
1935-03-01,5.615315315315316,°C
1935-04-01,8.496396396396397,°C
1935-05-01,11.953153153153153,°C
1935-06-01,17.874774774774774,°C
1935-07-01,19.096396396396397,°C
1935-08-01,18.23873873873874,°C
1935-09-01,14.85855855855856,°C
1935-10-01,9.514414414414416,°C
1935-11-01,7.252252252252252,°C
1935-12-01,2.6441441441441444,°C
1936-01-01,5.263963963963964,°C
1936-02-01,2.552252252252252,°C
1936-03-01,7.511711711711712,°C
1936-04-01,6.492792792792793,°C
1936-05-01,13.791891891891892,°C
1936-06-01,17.336936936936937,°C
1936-07-01,17.073873873873875,°C
1936-08-01,17.543243243243243,°C
1936-09-01,14.536936936936938,°C
1936-10-01,8.060360360360361,°C
1936-11-01,5.623423423423424,°C
1936-12-01,3.237837837837838,°C
1937-01-01,3.243243243243244,°C
1937-02-01,5.082882882882883,°C
1937-03-01,4.203603603603604,°C
1937-04-01,9.192792792792792,°C
1937-05-01,15.02882882882883,°C
1937-06-01,16.936936936936938,°C
1937-07-01,18.107207207207207,°C
1937-08-01,18.002702702702702,°C
1937-09-01,14.472072072072073,°C
1937-10-01,11.104504504504504,°C
1937-11-01,5.117117117117118,°C
1937-12-01,1.5540540540540542,°C
1938-01-01,4.201801801801802,°C
1938-02-01,2.5819819819819823,°C
1938-03-01,8.582882882882883,°C
1938-04-01,6.261261261261262,°C
1938-05-01,11.880180180180181,°C
1938-06-01,17.213513513513515,°C
1938-07-01,17.476576576576576,°C
1938-08-01,18.193693693693696,°C
1938-09-01,15.235135135135137,°C
1938-10-01,9.893693693693693,°C
1938-11-01,9.058558558558559,°C
1938-12-01,0.309009009009009,°C
1939-01-01,4.9990990990991,°C
1939-02-01,3.8171171171171174,°C
1939-03-01,4.116216216216216,°C
1939-04-01,10.308108108108108,°C
1939-05-01,12.457657657657657,°C
1939-06-01,17.56936936936937,°C
1939-07-01,17.697297297297297,°C
1939-08-01,18.013513513513512,°C
1939-09-01,14.370270270270272,°C
1939-10-01,7.918918918918919,°C
1939-11-01,7.921621621621622,°C
1939-12-01,1.082882882882883,°C
1940-01-01,-6.161261261261262,°C
1940-02-01,0.12522522522522525,°C
1940-03-01,5.722522522522523,°C
1940-04-01,9.554954954954956,°C
1940-05-01,13.956756756756759,°C
1940-06-01,17.542342342342344,°C
1940-07-01,16.800900900900903,°C
1940-08-01,15.744144144144144,°C
1940-09-01,13.611711711711713,°C
1940-10-01,9.019819819819821,°C
1940-11-01,7.295495495495496,°C
1940-12-01,-0.05405405405405406,°C
1941-01-01,-2.20990990990991,°C
1941-02-01,2.2594594594594595,°C
1941-03-01,5.673873873873874,°C
1941-04-01,7.455855855855856,°C
1941-05-01,10.127927927927928,°C
1941-06-01,17.615315315315314,°C
1941-07-01,19.504504504504506,°C
1941-08-01,15.57747747747748,°C
1941-09-01,13.951351351351352,°C
1941-10-01,9.600000000000001,°C
1941-11-01,4.456756756756756,°C
1941-12-01,3.951351351351352,°C
1942-01-01,-5.05945945945946,°C
1942-02-01,-3.8513513513513518,°C
1942-03-01,4.723423423423424,°C
1942-04-01,9.846846846846848,°C
1942-05-01,12.952252252252254,°C
1942-06-01,15.673873873873873,°C
1942-07-01,16.901801801801803,°C
1942-08-01,18.495495495495497,°C
1942-09-01,15.927927927927929,°C
1942-10-01,12.692792792792794,°C
1942-11-01,5.081081081081082,°C
1942-12-01,4.54954954954955,°C
1943-01-01,2.8243243243243246,°C
1943-02-01,4.3180180180180185,°C
1943-03-01,7.056756756756757,°C
1943-04-01,10.892792792792793,°C
1943-05-01,14.250450450450451,°C
1943-06-01,15.031531531531531,°C
1943-07-01,18.836936936936937,°C
1943-08-01,18.472072072072073,°C
1943-09-01,14.295495495495496,°C
1943-10-01,11.356756756756758,°C
1943-11-01,4.86036036036036,°C
1943-12-01,1.893693693693694,°C
1944-01-01,5.320720720720721,°C
1944-02-01,0.5945945945945946,°C
1944-03-01,2.811711711711712,°C
1944-04-01,10.546846846846847,°C
1944-05-01,12.62072072072072,°C
1944-06-01,15.00900900900901,°C
1944-07-01,17.802702702702703,°C
1944-08-01,20.395495495495496,°C
1944-09-01,13.396396396396398,°C
1944-10-01,9.557657657657657,°C
1944-11-01,5.73963963963964,°C
1944-12-01,2.2864864864864862,°C
1945-01-01,-3.2153153153153156,°C
1945-02-01,5.996396396396396,°C
1945-03-01,7.463963963963964,°C
1945-04-01,10.287387387387389,°C
1945-05-01,15.206306306306306,°C
1945-06-01,17.392792792792793,°C
1945-07-01,19.104504504504504,°C
1945-08-01,16.55855855855856,°C
1945-09-01,15.213513513513513,°C
1945-10-01,11.275675675675677,°C
1945-11-01,5.1567567567567565,°C
1945-12-01,3.293693693693694,°C
1946-01-01,0.3792792792792793,°C
1946-02-01,4.45945945945946,°C
1946-03-01,5.601801801801802,°C
1946-04-01,11.392792792792793,°C
1946-05-01,14.250450450450451,°C
1946-06-01,15.075675675675676,°C
1946-07-01,18.802702702702703,°C
1946-08-01,16.785585585585586,°C
1946-09-01,15.12072072072072,°C
1946-10-01,9.156756756756756,°C
1946-11-01,6.358558558558559,°C
1946-12-01,-0.21171171171171174,°C
1947-01-01,-1.3891891891891892,°C
1947-02-01,-3.83963963963964,°C
1947-03-01,4.826126126126127,°C
1947-04-01,10.78918918918919,°C
1947-05-01,15.835135135135136,°C
1947-06-01,18.925225225225226,°C
1947-07-01,20.104504504504504,°C
1947-08-01,20.883783783783784,°C
1947-09-01,17.655855855855858,°C
1947-10-01,9.454054054054055,°C
1947-11-01,6.9396396396396405,°C
1947-12-01,3.706306306306306,°C
1948-01-01,5.684684684684685,°C
1948-02-01,2.848648648648649,°C
1948-03-01,7.690990990990992,°C
1948-04-01,10.425225225225226,°C
1948-05-01,13.92972972972973,°C
1948-06-01,16.293693693693694,°C
1948-07-01,16.955855855855855,°C
1948-08-01,17.13963963963964,°C
1948-09-01,14.453153153153153,°C
1948-10-01,9.707207207207208,°C
1948-11-01,5.702702702702703,°C
1948-12-01,3.555855855855856,°C
1949-01-01,3.5549549549549546,°C
1949-02-01,3.902702702702703,°C
1949-03-01,4.158558558558559,°C
1949-04-01,11.651351351351352,°C
1949-05-01,12.622522522522523,°C
1949-06-01,15.175675675675675,°C
1949-07-01,18.364864864864867,°C
1949-08-01,17.63063063063063,°C
1949-09-01,17.94144144144144,°C
1949-10-01,11.806306306306308,°C
1949-11-01,4.973873873873874,°C
1949-12-01,4.3045045045045045,°C
1950-01-01,1.4351351351351351,°C
1950-02-01,5.748648648648649,°C
1950-03-01,6.8117117117117125,°C
1950-04-01,8.036936936936938,°C
1950-05-01,14.332432432432434,°C
1950-06-01,18.87927927927928,°C
1950-07-01,18.845045045045048,°C
1950-08-01,18.187387387387385,°C
1950-09-01,13.9,°C
1950-10-01,9.18828828828829,°C
1950-11-01,6.085585585585586,°C
1950-12-01,-1.018918918918919,°C
1951-01-01,4.244144144144144,°C
1951-02-01,4.137837837837838,°C
1951-03-01,4.178378378378379,°C
1951-04-01,7.943243243243244,°C
1951-05-01,12.650450450450451,°C
1951-06-01,15.938738738738738,°C
1951-07-01,17.6963963963964,°C
1951-08-01,17.221621621621622,°C
1951-09-01,15.445945945945946,°C
1951-10-01,8.103603603603604,°C
1951-11-01,8.397297297297298,°C
1951-12-01,4.301801801801802,°C
1952-01-01,2.2333333333333334,°C
1952-02-01,2.038738738738739,°C
1952-03-01,5.635135135135136,°C
1952-04-01,11.731531531531532,°C
1952-05-01,14.03963963963964,°C
1952-06-01,16.272972972972976,°C
1952-07-01,18.83153153153153,°C
1952-08-01,18.278378378378378,°C
1952-09-01,11.483783783783785,°C
1952-10-01,8.54954954954955,°C
1952-11-01,3.43963963963964,°C
1952-12-01,1.701801801801802,°C
1953-01-01,0.9180180180180181,°C
1953-02-01,1.9891891891891893,°C
1953-03-01,5.658558558558559,°C
1953-04-01,10.142342342342344,°C
1953-05-01,14.352252252252255,°C
1953-06-01,16.47747747747748,°C
1953-07-01,17.64864864864865,°C
1953-08-01,17.136936936936937,°C
1953-09-01,14.595495495495497,°C
1953-10-01,11.814414414414415,°C
1953-11-01,7.151351351351352,°C
1953-12-01,5.202702702702703,°C
1954-01-01,-0.7954954954954956,°C
1954-02-01,0.19909909909909912,°C
1954-03-01,6.663063063063063,°C
1954-04-01,7.5549549549549555,°C
1954-05-01,13.284684684684686,°C
1954-06-01,16.06756756756757,°C
1954-07-01,15.112612612612615,°C
1954-08-01,16.3990990990991,°C
1954-09-01,14.146846846846849,°C
1954-10-01,11.656756756756756,°C
1954-11-01,6.394594594594595,°C
1954-12-01,5.181981981981982,°C
1955-01-01,0.636936936936937,°C
1955-02-01,0.3504504504504505,°C
1955-03-01,2.517117117117117,°C
1955-04-01,9.043243243243245,°C
1955-05-01,11.277477477477477,°C
1955-06-01,15.874774774774776,°C
1955-07-01,18.312612612612615,°C
1955-08-01,17.772972972972976,°C
1955-09-01,14.460360360360362,°C
1955-10-01,8.790090090090091,°C
1955-11-01,5.672072072072073,°C
1955-12-01,4.6441441441441444,°C
1956-01-01,1.9855855855855857,°C
1956-02-01,-7.532432432432433,°C
1956-03-01,5.702702702702703,°C
1956-04-01,6.694594594594595,°C
1956-05-01,13.640540540540542,°C
1956-06-01,13.542342342342344,°C
1956-07-01,17.172072072072073,°C
1956-08-01,14.744144144144144,°C
1956-09-01,15.015315315315314,°C
1956-10-01,9.450450450450452,°C
1956-11-01,4.535135135135135,°C
1956-12-01,5.044144144144145,°C
1957-01-01,2.744144144144144,°C
1957-02-01,5.886486486486486,°C
1957-03-01,8.931531531531531,°C
1957-04-01,9.082882882882883,°C
1957-05-01,10.783783783783784,°C
1957-06-01,17.37117117117117,°C
1957-07-01,18.491891891891893,°C
1957-08-01,15.98918918918919,°C
1957-09-01,13.195495495495496,°C
1957-10-01,10.756756756756758,°C
1957-11-01,6.201801801801802,°C
1957-12-01,2.6441441441441444,°C
1958-01-01,2.2333333333333334,°C
1958-02-01,4.448648648648649,°C
1958-03-01,2.1693693693693694,°C
1958-04-01,6.75945945945946,°C
1958-05-01,13.676576576576577,°C
1958-06-01,15.417117117117119,°C
1958-07-01,17.574774774774777,°C
1958-08-01,17.98018018018018,°C
1958-09-01,16.035135135135135,°C
1958-10-01,10.516216216216216,°C
1958-11-01,5.587387387387388,°C
1958-12-01,4.440540540540541,°C
1959-01-01,1.8864864864864863,°C
1959-02-01,2.0,°C
1959-03-01,7.7540540540540555,°C
1959-04-01,10.731531531531532,°C
1959-05-01,13.980180180180183,°C
1959-06-01,17.435135135135138,°C
1959-07-01,20.734234234234236,°C
1959-08-01,18.30720720720721,°C
1959-09-01,15.379279279279281,°C
1959-10-01,10.532432432432433,°C
1959-11-01,5.0936936936936945,°C
1959-12-01,4.633333333333334,°C
1960-01-01,2.348648648648649,°C
1960-02-01,3.498198198198198,°C
1960-03-01,6.776576576576577,°C
1960-04-01,9.304504504504505,°C
1960-05-01,14.045045045045047,°C
1960-06-01,16.967567567567567,°C
1960-07-01,15.653153153153154,°C
1960-08-01,16.389189189189192,°C
1960-09-01,13.342342342342343,°C
1960-10-01,10.690990990990992,°C
1960-11-01,7.981981981981981,°C
1960-12-01,2.755855855855856,°C
1961-01-01,1.854954954954955,°C
1961-02-01,6.807207207207208,°C
1961-03-01,7.527927927927928,°C
1961-04-01,11.731531531531532,°C
1961-05-01,11.455855855855857,°C
1961-06-01,16.260360360360362,°C
1961-07-01,15.751351351351353,°C
1961-08-01,16.827027027027025,°C
1961-09-01,18.063063063063066,°C
1961-10-01,12.020720720720721,°C
1961-11-01,5.330630630630631,°C
1961-12-01,2.244144144144144,°C
1962-01-01,3.755855855855856,°C
1962-02-01,2.4522522522522525,°C
1962-03-01,1.911711711711712,°C
1962-04-01,8.992792792792793,°C
1962-05-01,10.554054054054056,°C
1962-06-01,15.215315315315316,°C
1962-07-01,15.696396396396398,°C
1962-08-01,16.300900900900903,°C
1962-09-01,13.386486486486488,°C
1962-10-01,10.21981981981982,°C
1962-11-01,4.1504504504504505,°C
1962-12-01,-0.31891891891891894,°C
1963-01-01,-5.410810810810811,°C
1963-02-01,-3.121621621621622,°C
1963-03-01,5.045945945945946,°C
1963-04-01,10.186486486486487,°C
1963-05-01,12.452252252252253,°C
1963-06-01,16.304504504504504,°C
1963-07-01,17.904504504504505,°C
1963-08-01,16.100900900900903,°C
1963-09-01,14.68828828828829,°C
1963-10-01,9.61891891891892,°C
1963-11-01,9.106306306306307,°C
1963-12-01,-1.0576576576576577,°C
1964-01-01,0.4396396396396397,°C
1964-02-01,3.8450450450450457,°C
1964-03-01,3.1459459459459462,°C
1964-04-01,9.636936936936937,°C
1964-05-01,15.316216216216217,°C
1964-06-01,17.33783783783784,°C
1964-07-01,18.751351351351353,°C
1964-08-01,17.244144144144144,°C
1964-09-01,15.095495495495497,°C
1964-10-01,8.068468468468469,°C
1964-11-01,6.53963963963964,°C
1964-12-01,2.558558558558559,°C
1965-01-01,3.048648648648649,°C
1965-02-01,0.891891891891892,°C
1965-03-01,5.0027027027027025,°C
1965-04-01,8.056756756756757,°C
1965-05-01,12.781981981981982,°C
1965-06-01,16.336936936936937,°C
1965-07-01,15.513513513513514,°C
1965-08-01,15.93963963963964,°C
1965-09-01,13.456756756756759,°C
1965-10-01,9.891891891891893,°C
1965-11-01,3.4891891891891897,°C
1965-12-01,4.6441441441441444,°C
1966-01-01,-0.16666666666666669,°C
1966-02-01,7.1990990990991,°C
1966-03-01,5.004504504504505,°C
1966-04-01,10.330630630630631,°C
1966-05-01,14.189189189189191,°C
1966-06-01,17.47927927927928,°C
1966-07-01,16.066666666666666,°C
1966-08-01,16.734234234234233,°C
1966-09-01,14.554954954954955,°C
1966-10-01,12.214414414414415,°C
1966-11-01,3.93963963963964,°C
1966-12-01,4.2,°C
1967-01-01,3.402702702702703,°C
1967-02-01,5.152252252252253,°C
1967-03-01,6.9990990990991,°C
1967-04-01,7.996396396396396,°C
1967-05-01,13.42882882882883,°C
1967-06-01,15.633333333333335,°C
1967-07-01,19.605405405405406,°C
1967-08-01,17.30720720720721,°C
1967-09-01,14.699099099099099,°C
1967-10-01,12.460360360360362,°C
1967-11-01,5.135135135135136,°C
1967-12-01,2.4000000000000004,°C
1968-01-01,1.9144144144144144,°C
1968-02-01,2.3144144144144145,°C
1968-03-01,6.183783783783785,°C
1968-04-01,10.80900900900901,°C
1968-05-01,11.976576576576576,°C
1968-06-01,16.29009009009009,°C
1968-07-01,17.266666666666666,°C
1968-08-01,17.10810810810811,°C
1968-09-01,14.600000000000001,°C
1968-10-01,12.056756756756757,°C
1968-11-01,5.136036036036036,°C
1968-12-01,0.23513513513513515,°C
1969-01-01,4.1063063063063066,°C
1969-02-01,0.044144144144144144,°C
1969-03-01,4.011711711711712,°C
1969-04-01,8.752252252252253,°C
1969-05-01,14.18828828828829,°C
1969-06-01,15.676576576576577,°C
1969-07-01,19.339639639639643,°C
1969-08-01,17.397297297297296,°C
1969-09-01,14.712612612612615,°C
1969-10-01,12.111711711711713,°C
1969-11-01,6.645045045045045,°C
1969-12-01,-1.264864864864865,°C
1970-01-01,0.8486486486486486,°C
1970-02-01,1.2522522522522523,°C
1970-03-01,3.2045045045045044,°C
1970-04-01,6.635135135135136,°C
1970-05-01,13.488288288288288,°C
1970-06-01,18.036936936936936,°C
1970-07-01,16.60810810810811,°C
1970-08-01,17.783783783783786,°C
1970-09-01,14.895495495495496,°C
1970-10-01,10.673873873873873,°C
1970-11-01,7.8306306306306315,°C
1970-12-01,2.102702702702703,°C
1971-01-01,2.1036036036036037,°C
1971-02-01,3.536936936936937,°C
1971-03-01,2.775675675675676,°C
1971-04-01,9.652252252252254,°C
1971-05-01,15.434234234234234,°C
1971-06-01,14.775675675675675,°C
1971-07-01,18.886486486486486,°C
1971-08-01,18.204504504504506,°C
1971-09-01,13.446846846846848,°C
1971-10-01,10.345945945945946,°C
1971-11-01,5.194594594594594,°C
1971-12-01,5.444144144144144,°C
1972-01-01,0.8396396396396396,°C
1972-02-01,4.562162162162163,°C
1972-03-01,6.964864864864865,°C
1972-04-01,8.392792792792793,°C
1972-05-01,12.452252252252253,°C
1972-06-01,14.820720720720722,°C
1972-07-01,18.201801801801803,°C
1972-08-01,16.37927927927928,°C
1972-09-01,11.911711711711712,°C
1972-10-01,8.546846846846847,°C
1972-11-01,5.83963963963964,°C
1972-12-01,3.2990990990990996,°C
1973-01-01,2.43963963963964,°C
1973-02-01,2.7423423423423423,°C
1973-03-01,5.5738738738738745,°C
1973-04-01,6.751351351351352,°C
1973-05-01,13.531531531531531,°C
1973-06-01,17.73963963963964,°C
1973-07-01,18.07027027027027,°C
1973-08-01,19.474774774774776,°C
1973-09-01,15.557657657657657,°C
1973-10-01,9.053153153153152,°C
1973-11-01,5.477477477477478,°C
1973-12-01,2.5540540540540544,°C
1974-01-01,5.535135135135135,°C
1974-02-01,4.895495495495496,°C
1974-03-01,6.975675675675676,°C
1974-04-01,10.107207207207209,°C
1974-05-01,12.332432432432434,°C
1974-06-01,15.575675675675676,°C
1974-07-01,16.25045045045045,°C
1974-08-01,17.783783783783786,°C
1974-09-01,13.796396396396398,°C
1974-10-01,6.772972972972973,°C
1974-11-01,6.802702702702703,°C
1974-12-01,7.217117117117117,°C
1975-01-01,6.748648648648649,°C
1975-02-01,3.9378378378378383,°C
1975-03-01,5.163063063063063,°C
1975-04-01,8.497297297297298,°C
1975-05-01,12.667567567567568,°C
1975-06-01,15.983783783783785,°C
1975-07-01,19.200000000000003,°C
1975-08-01,20.42882882882883,°C
1975-09-01,16.13783783783784,°C
1975-10-01,8.697297297297297,°C
1975-11-01,5.336036036036036,°C
1975-12-01,2.785585585585586,°C
1976-01-01,3.923423423423424,°C
1976-02-01,3.3891891891891897,°C
1976-03-01,3.7729729729729726,°C
1976-04-01,8.276576576576577,°C
1976-05-01,14.32972972972973,°C
1976-06-01,19.202702702702705,°C
1976-07-01,20.800900900900903,°C
1976-08-01,18.002702702702702,°C
1976-09-01,14.235135135135137,°C
1976-10-01,11.396396396396398,°C
1976-11-01,6.573873873873874,°C
1976-12-01,1.0477477477477477,°C
1977-01-01,2.8450450450450453,°C
1977-02-01,5.248648648648649,°C
1977-03-01,7.732432432432432,°C
1977-04-01,6.964864864864865,°C
1977-05-01,12.651351351351352,°C
1977-06-01,15.645045045045046,°C
1977-07-01,17.59189189189189,°C
1977-08-01,16.697297297297297,°C
1977-09-01,13.01981981981982,°C
1977-10-01,11.790090090090091,°C
1977-11-01,6.63963963963964,°C
1977-12-01,4.39009009009009,°C
1978-01-01,2.910810810810811,°C
1978-02-01,1.1612612612612614,°C
1978-03-01,6.687387387387388,°C
1978-04-01,8.314414414414415,°C
1978-05-01,12.881981981981983,°C
1978-06-01,15.58108108108108,°C
1978-07-01,16.23693693693694,°C
1978-08-01,15.69009009009009,°C
1978-09-01,13.569369369369369,°C
1978-10-01,10.522522522522523,°C
1978-11-01,5.54954954954955,°C
1978-12-01,2.5918918918918923,°C
1979-01-01,-3.0441441441441444,°C
1979-02-01,0.03783783783783784,°C
1979-03-01,5.404504504504505,°C
1979-04-01,7.958558558558559,°C
1979-05-01,12.854054054054055,°C
1979-06-01,16.873873873873872,°C
1979-07-01,16.836936936936937,°C
1979-08-01,15.750450450450451,°C
1979-09-01,14.228828828828831,°C
1979-10-01,11.097297297297297,°C
1979-11-01,5.428828828828829,°C
1979-12-01,5.7531531531531535,°C
1980-01-01,0.34054054054054056,°C
1980-02-01,5.215315315315316,°C
1980-03-01,5.662162162162162,°C
1980-04-01,7.954954954954956,°C
1980-05-01,12.755855855855856,°C
1980-06-01,15.342342342342343,°C
1980-07-01,16.07117117117117,°C
1980-08-01,17.832432432432434,°C
1980-09-01,15.535135135135135,°C
1980-10-01,9.250450450450451,°C
1980-11-01,4.995495495495496,°C
1980-12-01,3.156756756756757,°C
1981-01-01,1.6,°C
1981-02-01,1.109009009009009,°C
1981-03-01,9.007207207207207,°C
1981-04-01,9.532432432432433,°C
1981-05-01,14.154054054054056,°C
1981-06-01,15.91081081081081,°C
1981-07-01,17.272072072072074,°C
1981-08-01,17.295495495495498,°C
1981-09-01,14.940540540540542,°C
1981-10-01,8.95945945945946,°C
1981-11-01,6.476576576576576,°C
1981-12-01,0.4441441441441442,°C
1982-01-01,0.490990990990991,°C
1982-02-01,2.9603603603603603,°C
1982-03-01,5.626126126126127,°C
1982-04-01,8.32072072072072,°C
1982-05-01,13.820720720720722,°C
1982-06-01,17.14954954954955,°C
1982-07-01,19.787387387387387,°C
1982-08-01,17.832432432432434,°C
1982-09-01,16.631531531531532,°C
1982-10-01,11.014414414414416,°C
1982-11-01,8.035135135135135,°C
1982-12-01,3.747747747747748,°C
1983-01-01,5.902702702702703,°C
1983-02-01,0.3450450450450451,°C
1983-03-01,6.011711711711712,°C
1983-04-01,9.784684684684684,°C
1983-05-01,11.476576576576576,°C
1983-06-01,17.53153153153153,°C
1983-07-01,21.462162162162162,°C
1983-08-01,19.31081081081081,°C
1983-09-01,14.66846846846847,°C
1983-10-01,10.482882882882883,°C
1983-11-01,5.690990990990991,°C
1983-12-01,3.5441441441441444,°C
1984-01-01,3.3090090090090096,°C
1984-02-01,2.2513513513513512,°C
1984-03-01,4.417117117117118,°C
1984-04-01,8.18918918918919,°C
1984-05-01,11.057657657657657,°C
1984-06-01,14.643243243243242,°C
1984-07-01,17.01801801801802,°C
1984-08-01,18.17117117117117,°C
1984-09-01,13.609909909909911,°C
1984-10-01,11.656756756756756,°C
1984-11-01,7.8297297297297295,°C
1984-12-01,3.903603603603604,°C
1985-01-01,-3.109009009009009,°C
1985-02-01,-1.2873873873873876,°C
1985-03-01,4.56936936936937,°C
1985-04-01,9.266666666666667,°C
1985-05-01,14.34954954954955,°C
1985-06-01,14.27117117117117,°C
1985-07-01,18.192792792792794,°C
1985-08-01,16.51711711711712,°C
1985-09-01,14.745945945945946,°C
1985-10-01,10.157657657657658,°C
1985-11-01,2.430630630630631,°C
1985-12-01,5.73963963963964,°C
1986-01-01,2.431531531531532,°C
1986-02-01,-4.090990990990991,°C
1986-03-01,5.0027027027027025,°C
1986-04-01,6.95945945945946,°C
1986-05-01,14.918018018018017,°C
1986-06-01,17.474774774774776,°C
1986-07-01,18.260360360360362,°C
1986-08-01,16.926126126126128,°C
1986-09-01,11.864864864864865,°C
1986-10-01,11.852252252252253,°C
1986-11-01,7.835135135135136,°C
1986-12-01,4.383783783783784,°C
1987-01-01,-3.201801801801802,°C
1987-02-01,1.9495495495495498,°C
1987-03-01,2.476576576576577,°C
1987-04-01,11.28918918918919,°C
1987-05-01,10.776576576576577,°C
1987-06-01,15.055855855855857,°C
1987-07-01,17.615315315315314,°C
1987-08-01,16.623423423423425,°C
1987-09-01,15.921621621621624,°C
1987-10-01,10.957657657657657,°C
1987-11-01,6.0162162162162165,°C
1987-12-01,4.363063063063064,°C
1988-01-01,5.902702702702703,°C
1988-02-01,3.8945945945945946,°C
1988-03-01,4.983783783783784,°C
1988-04-01,9.560360360360361,°C
1988-05-01,15.562162162162162,°C
1988-06-01,15.554054054054056,°C
1988-07-01,17.16036036036036,°C
1988-08-01,17.79189189189189,°C
1988-09-01,14.08828828828829,°C
1988-10-01,11.156756756756756,°C
1988-11-01,5.628828828828829,°C
1988-12-01,6.403603603603604,°C
1989-01-01,4.33963963963964,°C
1989-02-01,4.744144144144144,°C
1989-03-01,8.902702702702703,°C
1989-04-01,7.8306306306306315,°C
1989-05-01,15.505405405405407,°C
1989-06-01,16.43783783783784,°C
1989-07-01,19.059459459459458,°C
1989-08-01,18.193693693693696,°C
1989-09-01,15.472972972972975,°C
1989-10-01,12.221621621621622,°C
1989-11-01,5.194594594594594,°C
1989-12-01,5.044144144144145,°C
1990-01-01,5.072072072072072,°C
1990-02-01,7.660360360360361,°C
1990-03-01,8.457657657657657,°C
1990-04-01,8.657657657657657,°C
1990-05-01,15.284684684684686,°C
1990-06-01,16.075675675675676,°C
1990-07-01,17.784684684684688,°C
1990-08-01,19.590990990990992,°C
1990-09-01,12.695495495495496,°C
1990-10-01,12.157657657657658,°C
1990-11-01,6.151351351351352,°C
1990-12-01,3.135135135135135,°C
1991-01-01,3.2027027027027026,°C
1991-02-01,-0.08648648648648649,°C
1991-03-01,8.701801801801802,°C
1991-04-01,8.593693693693693,°C
1991-05-01,11.020720720720721,°C
1991-06-01,13.855855855855857,°C
1991-07-01,19.974774774774776,°C
1991-08-01,18.933333333333334,°C
1991-09-01,15.862162162162162,°C
1991-10-01,9.857657657657658,°C
1991-11-01,5.486486486486487,°C
1991-12-01,2.9594594594594597,°C
1992-01-01,2.5540540540540544,°C
1992-02-01,4.923423423423424,°C
1992-03-01,6.911711711711712,°C
1992-04-01,9.193693693693694,°C
1992-05-01,15.91081081081081,°C
1992-06-01,17.40810810810811,°C
1992-07-01,19.336936936936937,°C
1992-08-01,19.07747747747748,°C
1992-09-01,14.605405405405406,°C
1992-10-01,7.756756756756757,°C
1992-11-01,7.551351351351352,°C
1992-12-01,3.5180180180180183,°C
1993-01-01,5.116216216216216,°C
1993-02-01,1.2081081081081082,°C
1993-03-01,6.112612612612613,°C
1993-04-01,11.827027027027029,°C
1993-05-01,15.483783783783785,°C
1993-06-01,17.36936936936937,°C
1993-07-01,17.44684684684685,°C
1993-08-01,16.333333333333336,°C
1993-09-01,13.395495495495496,°C
1993-10-01,9.128828828828828,°C
1993-11-01,2.305405405405405,°C
1993-12-01,5.147747747747748,°C
1994-01-01,4.846846846846847,°C
1994-02-01,2.272072072072072,°C
1994-03-01,8.018018018018019,°C
1994-04-01,9.172072072072073,°C
1994-05-01,13.488288288288288,°C
1994-06-01,17.00990990990991,°C
1994-07-01,22.615315315315314,°C
1994-08-01,18.50540540540541,°C
1994-09-01,14.095495495495497,°C
1994-10-01,9.46036036036036,°C
1994-11-01,9.93963963963964,°C
1994-12-01,5.731531531531532,°C
1995-01-01,3.1243243243243244,°C
1995-02-01,6.596396396396397,°C
1995-03-01,4.902702702702703,°C
1995-04-01,9.864864864864865,°C
1995-05-01,14.01891891891892,°C
1995-06-01,15.654954954954954,°C
1995-07-01,21.53873873873874,°C
1995-08-01,20.147747747747747,°C
1995-09-01,13.96936936936937,°C
1995-10-01,13.454954954954955,°C
1995-11-01,6.185585585585586,°C
1995-12-01,0.5333333333333333,°C
1996-01-01,0.5351351351351352,°C
1996-02-01,0.7864864864864866,°C
1996-03-01,3.7153153153153156,°C
1996-04-01,10.530630630630633,°C
1996-05-01,11.902702702702705,°C
1996-06-01,16.85855855855856,°C
1996-07-01,17.2981981981982,°C
1996-08-01,17.832432432432434,°C
1996-09-01,12.590990990990992,°C
1996-10-01,10.521621621621621,°C
1996-11-01,5.703603603603604,°C
1996-12-01,0.13513513513513514,°C
1997-01-01,-1.1135135135135135,°C
1997-02-01,6.520720720720721,°C
1997-03-01,8.514414414414416,°C
1997-04-01,8.45945945945946,°C
1997-05-01,13.752252252252255,°C
1997-06-01,16.62882882882883,°C
1997-07-01,18.072972972972973,°C
1997-08-01,21.206306306306306,°C
1997-09-01,14.845945945945946,°C
1997-10-01,9.514414414414416,°C
1997-11-01,6.1063063063063066,°C
1997-12-01,4.6990990990991,°C
1998-01-01,4.444144144144144,°C
1998-02-01,6.312612612612613,°C
1998-03-01,7.378378378378379,°C
1998-04-01,9.65945945945946,°C
1998-05-01,15.794594594594594,°C
1998-06-01,17.09009009009009,°C
1998-07-01,17.011711711711712,°C
1998-08-01,17.94684684684685,°C
1998-09-01,14.938738738738738,°C
1998-10-01,9.81891891891892,°C
1998-11-01,3.52972972972973,°C
1998-12-01,4.056756756756757,°C
1999-01-01,5.187387387387388,°C
1999-02-01,2.685585585585586,°C
1999-03-01,7.602702702702704,°C
1999-04-01,10.389189189189189,°C
1999-05-01,15.354954954954955,°C
1999-06-01,16.28018018018018,°C
1999-07-01,20.354054054054057,°C
1999-08-01,18.484684684684687,°C
1999-09-01,18.15765765765766,°C
1999-10-01,10.357657657657658,°C
1999-11-01,5.54054054054054,°C
1999-12-01,4.188288288288288,°C
2000-01-01,3.744144144144144,°C
2000-02-01,5.648648648648649,°C
2000-03-01,6.88018018018018,°C
2000-04-01,11.352252252252253,°C
2000-05-01,15.575675675675676,°C
2000-06-01,17.903603603603603,°C
2000-07-01,15.657657657657658,°C
2000-08-01,18.782882882882884,°C
2000-09-01,15.93783783783784,°C
2000-10-01,11.392792792792793,°C
2000-11-01,7.9783783783783795,°C
2000-12-01,5.65945945945946,°C
2001-01-01,3.344144144144144,°C
2001-02-01,4.748648648648649,°C
2001-03-01,6.363963963963965,°C
2001-04-01,8.526126126126128,°C
2001-05-01,15.736936936936937,°C
2001-06-01,15.762162162162163,°C
2001-07-01,19.54864864864865,°C
2001-08-01,19.778378378378378,°C
2001-09-01,12.827027027027027,°C
2001-10-01,14.380180180180183,°C
2001-11-01,5.707207207207208,°C
2001-12-01,2.245045045045045,°C
2002-01-01,3.9225225225225224,°C
2002-02-01,7.04954954954955,°C
2002-03-01,7.423423423423424,°C
2002-04-01,9.924324324324324,°C
2002-05-01,14.432432432432433,°C
2002-06-01,18.201801801801803,°C
2002-07-01,18.249549549549553,°C
2002-08-01,19.203603603603604,°C
2002-09-01,14.211711711711713,°C
2002-10-01,10.15945945945946,°C
2002-11-01,8.445945945945946,°C
2002-12-01,3.9342342342342342,°C
2003-01-01,1.9450450450450452,°C
2003-02-01,1.7270270270270272,°C
2003-03-01,8.21891891891892,°C
2003-04-01,10.381981981981982,°C
2003-05-01,14.593693693693695,°C
2003-06-01,19.88648648648649,°C
2003-07-01,19.95585585585586,°C
2003-08-01,21.503603603603604,°C
2003-09-01,15.017117117117118,°C
2003-10-01,7.665765765765766,°C
2003-11-01,8.63963963963964,°C
2003-12-01,4.077477477477478,°C
2004-01-01,2.931531531531532,°C
2004-02-01,4.456756756756756,°C
2004-03-01,6.06936936936937,°C
2004-04-01,10.89009009009009,°C
2004-05-01,12.63873873873874,°C
2004-06-01,16.266666666666666,°C
2004-07-01,17.57117117117117,°C
2004-08-01,19.43063063063063,°C
2004-09-01,15.63963963963964,°C
2004-10-01,11.725225225225225,°C
2004-11-01,5.9387387387387385,°C
2004-12-01,2.097297297297297,°C
2005-01-01,4.640540540540541,°C
2005-02-01,1.4819819819819822,°C
2005-03-01,7.195495495495496,°C
2005-04-01,10.872072072072072,°C
2005-05-01,13.765765765765767,°C
2005-06-01,18.055855855855857,°C
2005-07-01,18.873873873873872,°C
2005-08-01,16.614414414414416,°C
2005-09-01,16.416216216216217,°C
2005-10-01,13.385585585585586,°C
2005-11-01,6.33963963963964,°C
2005-12-01,3.2288288288288287,°C
2006-01-01,0.5198198198198198,°C
2006-02-01,2.068468468468468,°C
2006-03-01,3.9990990990990998,°C
2006-04-01,9.275675675675677,°C
2006-05-01,14.565765765765768,°C
2006-06-01,17.88828828828829,°C
2006-07-01,23.256756756756758,°C
2006-08-01,16.275675675675675,°C
2006-09-01,18.364864864864867,°C
2006-10-01,14.176576576576577,°C
2006-11-01,9.054954954954956,°C
2006-12-01,5.977477477477478,°C
2007-01-01,6.864864864864865,°C
2007-02-01,6.255855855855856,°C
2007-03-01,7.831531531531532,°C
2007-04-01,13.70990990990991,°C
2007-05-01,15.312612612612615,°C
2007-06-01,18.213513513513515,°C
2007-07-01,18.177477477477478,°C
2007-08-01,17.37657657657658,°C
2007-09-01,13.916216216216217,°C
2007-10-01,10.041441441441442,°C
2007-11-01,6.15945945945946,°C
2007-12-01,3.375675675675676,°C
2008-01-01,6.074774774774775,°C
2008-02-01,5.158558558558559,°C
2008-03-01,5.8990990990991,°C
2008-04-01,8.891891891891893,°C
2008-05-01,16.346846846846848,°C
2008-06-01,17.285585585585586,°C
2008-07-01,18.372072072072072,°C
2008-08-01,18.347747747747746,°C
2008-09-01,13.373873873873874,°C
2008-10-01,10.330630630630631,°C
2008-11-01,6.746846846846847,°C
2008-12-01,2.0594594594594593,°C
2009-01-01,-0.43153153153153156,°C
2009-02-01,3.147747747747748,°C
2009-03-01,6.032432432432433,°C
2009-04-01,13.01891891891892,°C
2009-05-01,14.70810810810811,°C
2009-06-01,16.254054054054055,°C
2009-07-01,19.24864864864865,°C
2009-08-01,19.54864864864865,°C
2009-09-01,15.572972972972975,°C
2009-10-01,10.276576576576577,°C
2009-11-01,9.835135135135136,°C
2009-12-01,2.648648648648649,°C
2010-01-01,-0.9504504504504505,°C
2010-02-01,1.948648648648649,°C
2010-03-01,6.1441441441441444,°C
2010-04-01,10.122522522522523,°C
2010-05-01,11.18828828828829,°C
2010-06-01,17.575675675675676,°C
2010-07-01,21.304504504504507,°C
2010-08-01,17.43873873873874,°C
2010-09-01,13.695495495495496,°C
2010-10-01,9.956756756756757,°C
2010-11-01,6.418018018018019,°C
2010-12-01,-1.464864864864865,°C
2011-01-01,3.1441441441441444,°C
2011-02-01,4.397297297297298,°C
2011-03-01,6.983783783783784,°C
2011-04-01,13.3981981981982,°C
2011-05-01,15.213513513513513,°C
2011-06-01,16.94864864864865,°C
2011-07-01,16.493693693693697,°C
2011-08-01,18.13963963963964,°C
2011-09-01,16.595495495495495,°C
2011-10-01,11.256756756756758,°C
2011-11-01,7.472972972972973,°C
2011-12-01,5.878378378378379,°C
2012-01-01,4.45045045045045,°C
2012-02-01,0.07927927927927929,°C
2012-03-01,8.78018018018018,°C
2012-04-01,9.065765765765766,°C
2012-05-01,15.092792792792793,°C
2012-06-01,15.875675675675675,°C
2012-07-01,17.904504504504505,°C
2012-08-01,19.63963963963964,°C
2012-09-01,14.21081081081081,°C
2012-10-01,10.556756756756757,°C
2012-11-01,6.9396396396396405,°C
2012-12-01,4.563963963963964,°C
2013-01-01,2.0441441441441444,°C
2013-02-01,1.0360360360360361,°C
2013-03-01,2.315315315315315,°C
2013-04-01,9.396396396396396,°C
2013-05-01,12.201801801801802,°C
2013-06-01,16.333333333333336,°C
2013-07-01,20.30810810810811,°C
2013-08-01,18.83963963963964,°C
2013-09-01,14.77117117117117,°C
2013-10-01,12.444144144144145,°C
2013-11-01,6.045045045045046,°C
2013-12-01,5.667567567567568,°C
2014-01-01,5.6441441441441444,°C
2014-02-01,6.481081081081081,°C
2014-03-01,8.645045045045045,°C
2014-04-01,12.420720720720722,°C
2014-05-01,13.538738738738738,°C
2014-06-01,16.643243243243244,°C
2014-07-01,19.804504504504507,°C
2014-08-01,16.539639639639642,°C
2014-09-01,15.895495495495496,°C
2014-10-01,13.256756756756758,°C
2014-11-01,8.240540540540541,°C
2014-12-01,4.538738738738739,°C
2015-01-01,3.663963963963964,°C
2015-02-01,2.848648648648649,°C
2015-03-01,6.411711711711712,°C
2015-04-01,9.86036036036036,°C
2015-05-01,13.388288288288289,°C
2015-06-01,16.875675675675677,°C
2015-07-01,19.904504504504505,°C
2015-08-01,19.711711711711715,°C
2015-09-01,13.595495495495497,°C
2015-10-01,9.756756756756758,°C
2015-11-01,9.75945945945946,°C
2015-12-01,9.242342342342344,°C
2016-01-01,4.535135135135135,°C
2016-02-01,4.668468468468468,°C
2016-03-01,5.111711711711712,°C
2016-04-01,9.097297297297297,°C
2016-05-01,14.892792792792793,°C
2016-06-01,17.375675675675677,°C
2016-07-01,19.465765765765767,°C
2016-08-01,19.036936936936936,°C
2016-09-01,18.29189189189189,°C
2016-10-01,9.756756756756758,°C
2016-11-01,6.081081081081082,°C
2016-12-01,4.194594594594594,°C
2017-01-01,0.3441441441441442,°C
2017-02-01,5.847747747747748,°C
2017-03-01,9.323423423423424,°C
2017-04-01,8.511711711711712,°C
2017-05-01,15.756756756756758,°C
2017-06-01,19.470270270270273,°C
2017-07-01,19.380180180180183,°C
2017-08-01,18.311711711711713,°C
2017-09-01,14.095495495495497,°C
2017-10-01,12.976576576576576,°C
2017-11-01,6.85945945945946,°C
2017-12-01,4.826126126126127,°C
2018-01-01,6.052252252252252,°C
2018-02-01,-0.051351351351351354,°C
2018-03-01,5.011711711711712,°C
2018-04-01,13.332432432432434,°C
2018-05-01,16.793693693693694,°C
2018-06-01,18.104504504504504,°C
2018-07-01,21.94504504504505,°C
2018-08-01,20.345945945945946,°C
2018-09-01,15.695495495495496,°C
2018-10-01,12.037837837837838,°C
2018-11-01,6.881981981981982,°C
2018-12-01,5.615315315315316,°C
2019-01-01,2.4441441441441443,°C
2019-02-01,6.341441441441442,°C
2019-03-01,8.011711711711712,°C
2019-04-01,10.821621621621622,°C
2019-05-01,11.700000000000001,°C
2019-06-01,20.072072072072075,°C
2019-07-01,19.981981981981985,°C
2019-08-01,19.744144144144144,°C
2019-09-01,15.215315315315316,°C
2019-10-01,12.056756756756757,°C
2019-11-01,6.154954954954955,°C
2019-12-01,5.6567567567567565,°C
2020-01-01,5.543243243243244,°C
2020-02-01,6.946846846846848,°C
2020-03-01,7.216216216216217,°C
2020-04-01,12.213513513513513,°C
2020-05-01,13.485585585585586,°C
2020-06-01,18.014414414414414,°C
2020-07-01,18.503603603603604,°C
2020-08-01,21.43963963963964,°C
2020-09-01,16.29189189189189,°C
2020-10-01,11.645045045045045,°C
2020-11-01,8.454054054054055,°C
2020-12-01,5.3621621621621625,°C
2021-01-01,2.8639639639639642,°C
2021-02-01,5.054954954954955,°C
2021-03-01,6.8117117117117125,°C
2021-04-01,7.018018018018019,°C
2021-05-01,11.788288288288289,°C
2021-06-01,19.582882882882885,°C
2021-07-01,18.50540540540541,°C
2021-08-01,17.23963963963964,°C
2021-09-01,16.30810810810811,°C
2021-10-01,11.356756756756758,°C
2021-11-01,6.041441441441442,°C
2021-12-01,5.366666666666667,°C
2022-01-01,4.15945945945946,°C
2022-02-01,6.426126126126127,°C
2022-03-01,7.404504504504505,°C
2022-04-01,9.665765765765766,°C
2022-05-01,15.655855855855856,°C
2022-06-01,18.49099099099099,°C
2022-07-01,19.972972972972975,°C
2022-08-01,21.535135135135135,°C
2022-09-01,15.095495495495497,°C
2022-10-01,14.054954954954955,°C
2022-11-01,9.13963963963964,°C
2022-12-01,3.8585585585585584,°C
2023-01-01,5.174774774774775,°C
2023-02-01,5.463063063063064,°C
2023-03-01,7.3117117117117125,°C
2023-04-01,8.963963963963964,°C
2023-05-01,13.918018018018017,°C
2023-06-01,20.195495495495496,°C
2023-07-01,19.404504504504505,°C
2023-08-01,18.63963963963964,°C
2023-09-01,18.58648648648649,°C
2023-10-01,13.73153153153153,°C
2023-11-01,7.745045045045045,°C
2023-12-01,6.51891891891892,°C
2024-01-01,3.1504504504504505,°C
2024-02-01,8.422522522522524,°C
2024-03-01,9.311711711711713,°C
2024-04-01,11.265765765765765,°C
2024-05-01,15.557657657657657,°C
2024-06-01,16.844144144144146,°C
2024-07-01,19.204504504504506,°C
2024-08-01,20.63963963963964,°C
2024-09-01,16.182882882882883,°C
2024-10-01,12.36936936936937,°C
2024-11-01,6.9396396396396405,°C
2024-12-01,4.743243243243244,°C
2025-01-01,3.0531531531531533,°C
2025-02-01,3.757657657657658,°C
2025-03-01,7.738738738738739,°C
2025-04-01,11.545945945945945,°C
2025-05-01,14.687387387387387,°C
2025-06-01,19.725225225225227,°C
2025-07-01,19.45855855855856,°C
2025-08-01,19.42882882882883,°C
2025-09-01,15.748648648648649,°C
2025-10-01,11.676576576576577,°C
2025-11-01,7.645045045045045,°C
2025-12-01,5.272072072072072,°C
2026-01-01,2.475675675675676,°C
2026-02-01,6.355855855855856,°C
2026-03-01,8.303603603603603,°C
2026-04-01,10.7990990990991,°C
2026-05-01,15.08108108108108,°C
2026-06-01,20.573873873873875,°C
